{
  "module": "fusion_classifier",
  "created_at": "2026-05-16T14:38:10.054058+00:00",
  "metrics": {
    "accuracy": 0.5,
    "roc_auc": 0.5375939849624061,
    "report": {
      "0": {
        "precision": 0.4,
        "recall": 0.10526315789473684,
        "f1-score": 0.16666666666666666,
        "support": 19.0
      },
      "1": {
        "precision": 0.5142857142857142,
        "recall": 0.8571428571428571,
        "f1-score": 0.6428571428571429,
        "support": 21.0
      },
      "accuracy": 0.5,
      "macro avg": {
        "precision": 0.45714285714285713,
        "recall": 0.48120300751879697,
        "f1-score": 0.40476190476190477,
        "support": 40.0
      },
      "weighted avg": {
        "precision": 0.45999999999999996,
        "recall": 0.5,
        "f1-score": 0.4166666666666667,
        "support": 40.0
      }
    }
  },
  "feature_names": [
    "text_score",
    "image_score",
    "meta_score"
  ],
  "label_semantics": {
    "0": "genuine",
    "1": "fake"
  }
}