{
  "module": "text_classifier",
  "created_at": "2026-05-16T14:35:31.394957+00:00",
  "metrics": {
    "accuracy": 0.45,
    "roc_auc": 0.5265151515151515,
    "report": {
      "0": {
        "precision": 0.45,
        "recall": 1.0,
        "f1-score": 0.6206896551724138,
        "support": 18.0
      },
      "1": {
        "precision": 0.0,
        "recall": 0.0,
        "f1-score": 0.0,
        "support": 22.0
      },
      "accuracy": 0.45,
      "macro avg": {
        "precision": 0.225,
        "recall": 0.5,
        "f1-score": 0.3103448275862069,
        "support": 40.0
      },
      "weighted avg": {
        "precision": 0.20249999999999999,
        "recall": 0.45,
        "f1-score": 0.2793103448275862,
        "support": 40.0
      }
    }
  },
  "feature_names": [
    "linguistic_deep_score"
  ],
  "label_semantics": {
    "0": "genuine",
    "1": "fake"
  }
}