{
  "module": "fusion_classifier",
  "created_at": "2026-05-16T11:35:36.038105+00:00",
  "metrics": {
    "accuracy": 0.525,
    "roc_auc": 0.4191919191919192,
    "report": {
      "0": {
        "precision": 0.4444444444444444,
        "recall": 0.2222222222222222,
        "f1-score": 0.2962962962962963,
        "support": 18.0
      },
      "1": {
        "precision": 0.5483870967741935,
        "recall": 0.7727272727272727,
        "f1-score": 0.6415094339622641,
        "support": 22.0
      },
      "accuracy": 0.525,
      "macro avg": {
        "precision": 0.49641577060931896,
        "recall": 0.49747474747474746,
        "f1-score": 0.4689028651292802,
        "support": 40.0
      },
      "weighted avg": {
        "precision": 0.5016129032258064,
        "recall": 0.525,
        "f1-score": 0.48616352201257856,
        "support": 40.0
      }
    }
  },
  "feature_names": [
    "text_score",
    "image_score",
    "meta_score"
  ],
  "label_semantics": {
    "0": "genuine",
    "1": "fake"
  }
}