{
  "created_at": "2026-06-12T07:23:27.099604+00:00",
  "metrics": {
    "accuracy": 0.98125,
    "roc_auc": 0.9768170426065164,
    "report": {
      "0": {
        "precision": 0.9866666666666667,
        "recall": 0.9736842105263158,
        "f1-score": 0.9801324503311258,
        "support": 76.0
      },
      "1": {
        "precision": 0.9764705882352941,
        "recall": 0.9880952380952381,
        "f1-score": 0.9822485207100592,
        "support": 84.0
      },
      "accuracy": 0.98125,
      "macro avg": {
        "precision": 0.9815686274509804,
        "recall": 0.980889724310777,
        "f1-score": 0.9811904855205925,
        "support": 160.0
      },
      "weighted avg": {
        "precision": 0.981313725490196,
        "recall": 0.98125,
        "f1-score": 0.9812433872800659,
        "support": 160.0
      }
    },
    "feature_importance": {
      "account_age": 0.025918496772646904,
      "reviews_per_day": 0.023289835080504417,
      "verified_purchase_ratio": 0.04045883193612099,
      "rating_deviation": 0.028609035536646843,
      "burstiness": 0.030740099027752876,
      "helpfulness_ratio": 0.044706519693136215,
      "similarity_score": 0.3081494867801666,
      "sentiment_rating_mismatch": 0.054722536355257034,
      "night_review_ratio": 0.15213526785373688,
      "reviewer_overlap_score": 0.2912698984146118
    }
  },
  "feature_names": [
    "account_age",
    "reviews_per_day",
    "verified_purchase_ratio",
    "rating_deviation",
    "burstiness",
    "helpfulness_ratio",
    "similarity_score",
    "sentiment_rating_mismatch",
    "night_review_ratio",
    "reviewer_overlap_score"
  ],
  "label_semantics": {
    "0": "genuine",
    "1": "fake"
  },
  "new_features": [
    "similarity_score: cosine similarity between user reviews (copy-paste detection)",
    "sentiment_rating_mismatch: divergence between text sentiment and star rating",
    "night_review_ratio: fraction of reviews submitted between 1am-5am (bot signal)",
    "reviewer_overlap_score: co-occurrence with known fake reviewers on same products"
  ]
}