{
  "created_at": "2026-06-08T03:33:21.644632+00:00",
  "metrics": {
    "accuracy": 0.725,
    "roc_auc": 0.7333959899749374,
    "report": {
      "0": {
        "precision": 0.6454545454545455,
        "recall": 0.9342105263157895,
        "f1-score": 0.7634408602150538,
        "support": 76.0
      },
      "1": {
        "precision": 0.9,
        "recall": 0.5357142857142857,
        "f1-score": 0.6716417910447762,
        "support": 84.0
      },
      "accuracy": 0.725,
      "macro avg": {
        "precision": 0.7727272727272727,
        "recall": 0.7349624060150376,
        "f1-score": 0.717541325629915,
        "support": 160.0
      },
      "weighted avg": {
        "precision": 0.7790909090909092,
        "recall": 0.725,
        "f1-score": 0.715246348900658,
        "support": 160.0
      }
    }
  },
  "feature_names": [
    "caps_ratio"
  ],
  "label_semantics": {
    "0": "genuine",
    "1": "fake"
  }
}